Data KTX
------INSERT DATA
INSERT INTO SINHVIEN (MSSV, TENSV, NGSINH, GIOITINH, EMAIL, SDT, MATKHAU) VALUES ('00520001', 'Nguyen Van A', TO_DATE('01-01-2000', 'DD-MM-YYYY'), 1, 'a@example.com', 1234567890, '123');
INSERT INTO SINHVIEN (MSSV, TENSV, NGSINH, GIOITINH, EMAIL, SDT, MATKHAU) VALUES ('00520002', 'Le Thi B', TO_DATE('01-02-2000', 'DD-MM-YYYY'), 0, 'b@example.com', 1234567891, '123');
INSERT INTO SINHVIEN (MSSV, TENSV, NGSINH, GIOITINH, EMAIL, SDT, MATKHAU) VALUES ('00520003', 'Tran Van C', TO_DATE('01-03-2000', 'DD-MM-YYYY'), 1, 'c@example.com', 1234567892, '123');
INSERT INTO SINHVIEN (MSSV, TENSV, NGSINH, GIOITINH, EMAIL, SDT, MATKHAU) VALUES ('00520004', 'Pham Thi D', TO_DATE('01-04-2000', 'DD-MM-YYYY'), 0, 'd@example.com', 1234567893, '123');
INSERT INTO SINHVIEN (MSSV, TENSV, NGSINH, GIOITINH, EMAIL, SDT, MATKHAU) VALUES ('00520005', 'Hoang Van E', TO_DATE('01-05-2000', 'DD-MM-YYYY'), 1, 'e@example.com', 1234567894, '123');
INSERT INTO SINHVIEN (MSSV, TENSV, NGSINH, GIOITINH, EMAIL, SDT, MATKHAU) VALUES ('00520006', 'Vu Thi F', TO_DATE('01-06-2000', 'DD-MM-YYYY'), 0, 'f@example.com', 1234567895, '123');
INSERT INTO SINHVIEN (MSSV, TENSV, NGSINH, GIOITINH, EMAIL, SDT, MATKHAU) VALUES ('00520007', 'Bui Van G', TO_DATE('01-07-2000', 'DD-MM-YYYY'), 1, 'g@example.com', 1234567896, '123');
INSERT INTO SINHVIEN (MSSV, TENSV, NGSINH, GIOITINH, EMAIL, SDT, MATKHAU) VALUES ('00520008', 'Dang Thi H', TO_DATE('01-08-2000', 'DD-MM-YYYY'), 0, 'h@example.com', 1234567897, '123');
INSERT INTO SINHVIEN (MSSV, TENSV, NGSINH, GIOITINH, EMAIL, SDT, MATKHAU) VALUES ('00520009', 'Nguyen Van I', TO_DATE('01-09-2000', 'DD-MM-YYYY'), 1, 'i@example.com', 1234567898, '123');
INSERT INTO SINHVIEN (MSSV, TENSV, NGSINH, GIOITINH, EMAIL, SDT, MATKHAU) VALUES ('00520010', 'Le Thi J', TO_DATE('01-10-2000', 'DD-MM-YYYY'), 0, 'j@example.com', 1234567899, '123');
INSERT INTO SINHVIEN (MSSV, TENSV, NGSINH, GIOITINH, EMAIL, SDT, MATKHAU) VALUES ('00520011', 'Tran Van K', TO_DATE('01-11-2000', 'DD-MM-YYYY'), 1, 'k@example.com', 1234567800, '123');
INSERT INTO SINHVIEN (MSSV, TENSV, NGSINH, GIOITINH, EMAIL, SDT, MATKHAU) VALUES ('00520012', 'Pham Thi L', TO_DATE('01-12-2000', 'DD-MM-YYYY'), 0, 'l@example.com', 1234567801, '123');
INSERT INTO SINHVIEN (MSSV, TENSV, NGSINH, GIOITINH, EMAIL, SDT, MATKHAU) VALUES ('00520013', 'Hoang Van M', TO_DATE('01-01-2001', 'DD-MM-YYYY'), 1, 'm@example.com', 1234567802, '123');
INSERT INTO SINHVIEN (MSSV, TENSV, NGSINH, GIOITINH, EMAIL, SDT, MATKHAU) VALUES ('00520014', 'Vu Thi N', TO_DATE('01-02-2001', 'DD-MM-YYYY'), 0, 'n@example.com', 1234567803, '123');
INSERT INTO SINHVIEN (MSSV, TENSV, NGSINH, GIOITINH, EMAIL, SDT, MATKHAU) VALUES ('00520015', 'Bui Van O', TO_DATE('01-03-2001', 'DD-MM-YYYY'), 1, 'o@example.com', 1234567804, '123');
INSERT INTO SINHVIEN (MSSV, TENSV, NGSINH, GIOITINH, EMAIL, SDT, MATKHAU) VALUES ('00520016', 'Dang Thi P', TO_DATE('01-04-2001', 'DD-MM-YYYY'), 0, 'p@example.com', 1234567805, '123');
INSERT INTO SINHVIEN (MSSV, TENSV, NGSINH, GIOITINH, EMAIL, SDT, MATKHAU) VALUES ('00520017', 'Nguyen Van Q', TO_DATE('01-05-2001', 'DD-MM-YYYY'), 1, 'q@example.com', 1234567806, '123');
INSERT INTO SINHVIEN (MSSV, TENSV, NGSINH, GIOITINH, EMAIL, SDT, MATKHAU) VALUES ('00520018', 'Le Thi R', TO_DATE('01-06-2001', 'DD-MM-YYYY'), 0, 'r@example.com', 1234567807, '123');
INSERT INTO SINHVIEN (MSSV, TENSV, NGSINH, GIOITINH, EMAIL, SDT, MATKHAU) VALUES ('00520019', 'Tran Van S', TO_DATE('01-07-2001', 'DD-MM-YYYY'), 1, 's@example.com', 1234567808, '123');
INSERT INTO SINHVIEN (MSSV, TENSV, NGSINH, GIOITINH, EMAIL, SDT, MATKHAU) VALUES ('00520020', 'Pham Thi T', TO_DATE('01-08-2001', 'DD-MM-YYYY'), 0, 't@example.com', 1234567809, '123');
INSERT INTO SINHVIEN (MSSV, TENSV, NGSINH, GIOITINH, EMAIL, SDT, MATKHAU) VALUES ('00520021', 'Hoang Van U', TO_DATE('01-09-2001', 'DD-MM-YYYY'), 1, 'u@example.com', 1234567810, '123');
INSERT INTO SINHVIEN (MSSV, TENSV, NGSINH, GIOITINH, EMAIL, SDT, MATKHAU) VALUES ('00520022', 'Vu Thi V', TO_DATE('01-10-2001', 'DD-MM-YYYY'), 0, 'v@example.com', 1234567811, '123');
INSERT INTO SINHVIEN (MSSV, TENSV, NGSINH, GIOITINH, EMAIL, SDT, MATKHAU) VALUES ('00520023', 'Bui Van W', TO_DATE('01-11-2001', 'DD-MM-YYYY'), 1, 'w@example.com', 1234567812, '123');
INSERT INTO SINHVIEN (MSSV, TENSV, NGSINH, GIOITINH, EMAIL, SDT, MATKHAU) VALUES ('00520024', 'Dang Thi X', TO_DATE('01-12-2001', 'DD-MM-YYYY'), 0, 'x@example.com', 1234567813, '123');
INSERT INTO SINHVIEN (MSSV, TENSV, NGSINH, GIOITINH, EMAIL, SDT, MATKHAU) VALUES ('00520025', 'Nguyen Van Y', TO_DATE('01-01-2002', 'DD-MM-YYYY'), 1, 'y@example.com', 1234567814, '123');
INSERT INTO SINHVIEN (MSSV, TENSV, NGSINH, GIOITINH, EMAIL, SDT, MATKHAU) VALUES ('00520026', 'Le Thi Z', TO_DATE('01-02-2002', 'DD-MM-YYYY'), 0, 'z@example.com', 1234567815, '123');


--INSERT NHANVIEN
INSERT INTO NHANVIEN (MANV, MANGUOIQUANLY, CCCD, TENNV, NGSINH, GIOITINH, LOAINV, EMAIL, SDT, MATKHAU) VALUES ('NV01', NULL, 123456789012, 'Nguyen Van QL', TO_DATE('01-01-1980', 'DD-MM-YYYY'), 1, 3, 'ql@example.com', 9876543210, '123');
INSERT INTO NHANVIEN (MANV, MANGUOIQUANLY, CCCD, TENNV, NGSINH, GIOITINH, LOAINV, EMAIL, SDT, MATKHAU) VALUES ('NV02', 'NV01', 123456789013, 'Tran Van TT', TO_DATE('01-02-1975', 'DD-MM-YYYY'), 1, 1, 'tt1@example.com', 9876543211, '123');
INSERT INTO NHANVIEN (MANV, MANGUOIQUANLY, CCCD, TENNV, NGSINH, GIOITINH, LOAINV, EMAIL, SDT, MATKHAU) VALUES ('NV03', 'NV01', 123456789014, 'Le Thi TT', TO_DATE('01-03-1976', 'DD-MM-YYYY'), 1, 1, 'tt2@example.com', 9876543212, '123');
INSERT INTO NHANVIEN (MANV, MANGUOIQUANLY, CCCD, TENNV, NGSINH, GIOITINH, LOAINV, EMAIL, SDT, MATKHAU) VALUES ('NV04', 'NV01', 123456789015, 'Pham Van TT', TO_DATE('01-04-1977', 'DD-MM-YYYY'),1, 1, 'tt3@example.com', 9876543213, '123');
INSERT INTO NHANVIEN (MANV, MANGUOIQUANLY, CCCD, TENNV, NGSINH, GIOITINH, LOAINV, EMAIL, SDT, MATKHAU) VALUES ('NV05', 'NV01', 123456789016, 'Hoang Thi TT', TO_DATE('01-05-1978', 'DD-MM-YYYY'),1, 1, 'tt4@example.com', 9876543214, '123');
INSERT INTO NHANVIEN (MANV, MANGUOIQUANLY, CCCD, TENNV, NGSINH, GIOITINH, LOAINV, EMAIL, SDT, MATKHAU) VALUES ('NV06', 'NV01', 123456789017, 'Vu Van TT', TO_DATE('01-06-1979', 'DD-MM-YYYY'), 1, 1, 'tt5@example.com', 9876543215, '123');
INSERT INTO NHANVIEN (MANV, MANGUOIQUANLY, CCCD, TENNV, NGSINH, GIOITINH, LOAINV, EMAIL, SDT, MATKHAU) VALUES ('NV07', 'NV01', 123456789018, 'Bui Thi TT', TO_DATE('01-07-1980', 'DD-MM-YYYY'), 0, 1, 'tt6@example.com', 9876543216, '123');
INSERT INTO NHANVIEN (MANV, MANGUOIQUANLY, CCCD, TENNV, NGSINH, GIOITINH, LOAINV, EMAIL, SDT, MATKHAU) VALUES ('NV08', 'NV01', 123456789019, 'Dang Van KT', TO_DATE('01-08-1981', 'DD-MM-YYYY'), 1, 2, 'kt@example.com', 9876543217, '123');

--INSERT TOA
INSERT INTO TOA (MATOA, MATRUONGTOA, LOAITOA, SOTANG)
VALUES ('A', 'NV02', 1, 4);
INSERT INTO TOA (MATOA, MATRUONGTOA, LOAITOA, SOTANG)
VALUES ('B', 'NV03', 0, 3);
INSERT INTO TOA (MATOA, MATRUONGTOA, LOAITOA, SOTANG)
VALUES ('C', 'NV04', 1, 3);
INSERT INTO TOA (MATOA, MATRUONGTOA, LOAITOA, SOTANG)
VALUES ('D', 'NV05', 0, 4);
INSERT INTO TOA (MATOA, MATRUONGTOA, LOAITOA, SOTANG)
VALUES ('E', 'NV06', 1, 3);
INSERT INTO TOA (MATOA, MATRUONGTOA, LOAITOA, SOTANG)
VALUES ('F', 'NV07', 0, 3);

--INSERT PHONG
--PHONG A
INSERT INTO PHONG (MAPHONG,MATOA,TANG,LOAIPHONG,GIATIEN) VALUES ('A101', 'A', 1, 2, 800000);
INSERT INTO PHONG (MAPHONG, MATOA, TANG, LOAIPHONG, GIATIEN) VALUES ('A102', 'A', 1, 2, 800000);
INSERT INTO PHONG (MAPHONG, MATOA, TANG, LOAIPHONG, GIATIEN) VALUES ('A103', 'A', 1, 4, 600000);
INSERT INTO PHONG (MAPHONG, MATOA, TANG, LOAIPHONG, GIATIEN) VALUES ('A201', 'A', 2, 2, 800000);
INSERT INTO PHONG (MAPHONG, MATOA, TANG, LOAIPHONG, GIATIEN) VALUES ('A202', 'A', 2, 4, 600000);
INSERT INTO PHONG (MAPHONG, MATOA, TANG, LOAIPHONG, GIATIEN) VALUES ('A203', 'A', 2, 6, 400000);
INSERT INTO PHONG (MAPHONG, MATOA, TANG, LOAIPHONG, GIATIEN) VALUES ('A301', 'A', 3, 2, 800000);
INSERT INTO PHONG (MAPHONG, MATOA, TANG, LOAIPHONG, GIATIEN) VALUES ('A302', 'A', 3, 6, 400000);
INSERT INTO PHONG (MAPHONG, MATOA, TANG, LOAIPHONG, GIATIEN) VALUES ('A303', 'A', 3, 8, 200000);
INSERT INTO PHONG (MAPHONG, MATOA, TANG, LOAIPHONG, GIATIEN) VALUES ('A401', 'A', 4, 4, 600000);
INSERT INTO PHONG (MAPHONG, MATOA, TANG, LOAIPHONG, GIATIEN) VALUES ('A402', 'A', 4, 6, 400000);
INSERT INTO PHONG (MAPHONG, MATOA, TANG, LOAIPHONG, GIATIEN) VALUES ('A403', 'A', 4, 8, 200000);

--PHONG B
INSERT INTO PHONG (MAPHONG, MATOA, TANG, LOAIPHONG, GIATIEN) VALUES ('B101', 'B', 1, 2, 800000);
INSERT INTO PHONG (MAPHONG, MATOA, TANG, LOAIPHONG, GIATIEN) VALUES ('B102', 'B', 1, 6, 400000);
INSERT INTO PHONG (MAPHONG, MATOA, TANG, LOAIPHONG, GIATIEN) VALUES ('B103', 'B', 1, 6, 400000);
INSERT INTO PHONG (MAPHONG, MATOA, TANG, LOAIPHONG, GIATIEN) VALUES ('B104', 'B', 1, 6, 400000);
INSERT INTO PHONG (MAPHONG, MATOA, TANG, LOAIPHONG, GIATIEN) VALUES ('B201', 'B', 2, 2, 800000);
INSERT INTO PHONG (MAPHONG, MATOA, TANG, LOAIPHONG, GIATIEN) VALUES ('B202', 'B', 2, 2, 800000);
INSERT INTO PHONG (MAPHONG, MATOA, TANG, LOAIPHONG, GIATIEN) VALUES ('B203', 'B', 2, 6, 400000);
INSERT INTO PHONG (MAPHONG, MATOA, TANG, LOAIPHONG, GIATIEN) VALUES ('B301', 'B', 3, 2, 800000);
INSERT INTO PHONG (MAPHONG, MATOA, TANG, LOAIPHONG, GIATIEN) VALUES ('B302', 'B', 3, 4, 600000);
INSERT INTO PHONG (MAPHONG, MATOA, TANG, LOAIPHONG, GIATIEN) VALUES ('B303', 'B', 3, 8, 200000);

--PHONG C
INSERT INTO PHONG (MAPHONG, MATOA, TANG, LOAIPHONG, GIATIEN) VALUES ('C101', 'C', 1, 2, 800000);
INSERT INTO PHONG (MAPHONG, MATOA, TANG, LOAIPHONG, GIATIEN) VALUES ('C102', 'C', 1, 4, 600000);
INSERT INTO PHONG (MAPHONG, MATOA, TANG, LOAIPHONG, GIATIEN) VALUES ('C103', 'C', 1, 6, 400000);
INSERT INTO PHONG (MAPHONG, MATOA, TANG, LOAIPHONG, GIATIEN) VALUES ('C201', 'C', 2, 2, 800000);
INSERT INTO PHONG (MAPHONG, MATOA, TANG, LOAIPHONG, GIATIEN) VALUES ('C202', 'C', 2, 4, 600000);
INSERT INTO PHONG (MAPHONG, MATOA, TANG, LOAIPHONG, GIATIEN) VALUES ('C203', 'C', 2, 6, 400000);
INSERT INTO PHONG (MAPHONG, MATOA, TANG, LOAIPHONG, GIATIEN) VALUES ('C301', 'C', 3, 2, 800000);
INSERT INTO PHONG (MAPHONG, MATOA, TANG, LOAIPHONG, GIATIEN) VALUES ('C302', 'C', 3, 4, 600000);
INSERT INTO PHONG (MAPHONG, MATOA, TANG, LOAIPHONG, GIATIEN) VALUES ('C303', 'C', 3, 8, 200000);

--PHONG D
INSERT INTO PHONG (MAPHONG, MATOA, TANG, LOAIPHONG, GIATIEN) VALUES ('D101', 'D', 1, 2, 800000);
INSERT INTO PHONG (MAPHONG, MATOA, TANG, LOAIPHONG, GIATIEN) VALUES ('D102', 'D', 1, 4, 600000);
INSERT INTO PHONG (MAPHONG, MATOA, TANG, LOAIPHONG, GIATIEN) VALUES ('D103', 'D', 1, 6, 400000);
INSERT INTO PHONG (MAPHONG, MATOA, TANG, LOAIPHONG, GIATIEN) VALUES ('D201', 'D', 2, 2, 800000);
INSERT INTO PHONG (MAPHONG, MATOA, TANG, LOAIPHONG, GIATIEN) VALUES ('D202', 'D', 2, 4, 600000);
INSERT INTO PHONG (MAPHONG, MATOA, TANG, LOAIPHONG, GIATIEN) VALUES ('D203', 'D', 2, 8, 200000);
INSERT INTO PHONG (MAPHONG, MATOA, TANG, LOAIPHONG, GIATIEN) VALUES ('D301', 'D', 3, 2, 800000);
INSERT INTO PHONG (MAPHONG, MATOA, TANG, LOAIPHONG, GIATIEN) VALUES ('D302', 'D', 3, 6, 400000);
INSERT INTO PHONG (MAPHONG, MATOA, TANG, LOAIPHONG, GIATIEN) VALUES ('D303', 'D', 3, 8, 200000);
INSERT INTO PHONG (MAPHONG, MATOA, TANG, LOAIPHONG, GIATIEN) VALUES ('D401', 'D', 4, 4, 600000);
INSERT INTO PHONG (MAPHONG, MATOA, TANG, LOAIPHONG, GIATIEN) VALUES ('D402', 'D', 4, 6, 400000);
INSERT INTO PHONG (MAPHONG, MATOA, TANG, LOAIPHONG, GIATIEN) VALUES ('D403', 'D', 4, 8, 200000);

--PHONG E
-- Thêm d? li?u ph?ng cho t?a E
INSERT INTO PHONG (MAPHONG, MATOA, TANG, LOAIPHONG, GIATIEN) VALUES ('E101', 'E', 1, 2, 800000);
INSERT INTO PHONG (MAPHONG, MATOA, TANG, LOAIPHONG, GIATIEN) VALUES ('E102', 'E', 1, 4, 600000);
INSERT INTO PHONG (MAPHONG, MATOA, TANG, LOAIPHONG, GIATIEN) VALUES ('E103', 'E', 1, 6, 400000);
INSERT INTO PHONG (MAPHONG, MATOA, TANG, LOAIPHONG, GIATIEN) VALUES ('E201', 'E', 2, 8, 200000);
INSERT INTO PHONG (MAPHONG, MATOA, TANG, LOAIPHONG, GIATIEN) VALUES ('E202', 'E', 2, 2, 800000);
INSERT INTO PHONG (MAPHONG, MATOA, TANG, LOAIPHONG, GIATIEN) VALUES ('E203', 'E', 2, 6, 400000);
INSERT INTO PHONG (MAPHONG, MATOA, TANG, LOAIPHONG, GIATIEN) VALUES ('E301', 'E', 3, 2, 800000);
INSERT INTO PHONG (MAPHONG, MATOA, TANG, LOAIPHONG, GIATIEN) VALUES ('E302', 'E', 3, 4, 600000);
INSERT INTO PHONG (MAPHONG, MATOA, TANG, LOAIPHONG, GIATIEN) VALUES ('E303', 'E', 3, 8, 200000);

-- Thêm d? li?u ph?ng cho t?a F
INSERT INTO PHONG (MAPHONG, MATOA, TANG, LOAIPHONG, GIATIEN) VALUES ('F101', 'F', 1, 2, 800000);
INSERT INTO PHONG (MAPHONG, MATOA, TANG, LOAIPHONG, GIATIEN) VALUES ('F102', 'F', 1, 4, 600000);
INSERT INTO PHONG (MAPHONG, MATOA, TANG, LOAIPHONG, GIATIEN) VALUES ('F103', 'F', 1, 6, 400000);
INSERT INTO PHONG (MAPHONG, MATOA, TANG, LOAIPHONG, GIATIEN) VALUES ('F201', 'F', 2, 2, 800000);
INSERT INTO PHONG (MAPHONG, MATOA, TANG, LOAIPHONG, GIATIEN) VALUES ('F202', 'F', 2, 4, 600000);
INSERT INTO PHONG (MAPHONG, MATOA, TANG, LOAIPHONG, GIATIEN) VALUES ('F203', 'F', 2, 6, 400000);
INSERT INTO PHONG (MAPHONG, MATOA, TANG, LOAIPHONG, GIATIEN) VALUES ('F301', 'F', 3, 2, 800000);
INSERT INTO PHONG (MAPHONG, MATOA, TANG, LOAIPHONG, GIATIEN) VALUES ('F302', 'F', 3, 4, 600000);
INSERT INTO PHONG (MAPHONG, MATOA, TANG, LOAIPHONG, GIATIEN) VALUES ('F303', 'F', 3, 8, 200000);

---insert CUTRU
INSERT INTO CUTRU (MSSV, MAPHONG, TUNGAY, DENNGAY, NGAYTRAPHONG)
VALUES ('00520001', 'A101', TO_DATE('03-02-2024','DD-MM-YYYY'), TO_DATE('03-08-2024','DD-MM-YYYY'), NULL);
INSERT INTO CUTRU (MSSV, MAPHONG, TUNGAY, DENNGAY, NGAYTRAPHONG)
VALUES ('00520003', 'A203', TO_DATE('03-02-2024','DD-MM-YYYY'), TO_DATE('03-08-2024','DD-MM-YYYY'), NULL);
INSERT INTO CUTRU (MSSV, MAPHONG, TUNGAY, DENNGAY, NGAYTRAPHONG)
VALUES ('00520005', 'A302', TO_DATE('03-02-2024', 'DD-MM-YYYY'), TO_DATE('03-08-2024', 'DD-MM-YYYY'), NULL);
INSERT INTO CUTRU (MSSV, MAPHONG, TUNGAY, DENNGAY, NGAYTRAPHONG)
VALUES ('00520009', 'C101', TO_DATE('03-02-2024', 'DD-MM-YYYY'), TO_DATE('03-08-2024', 'DD-MM-YYYY'), NULL);
INSERT INTO CUTRU (MSSV, MAPHONG, TUNGAY, DENNGAY, NGAYTRAPHONG)
VALUES ('00520013', 'C202', TO_DATE('03-02-2024', 'DD-MM-YYYY'), TO_DATE('03-08-2024', 'DD-MM-YYYY'), NULL);
INSERT INTO CUTRU (MSSV, MAPHONG, TUNGAY, DENNGAY, NGAYTRAPHONG)
VALUES ('00520015', 'E101', TO_DATE('03-02-2024', 'DD-MM-YYYY'), TO_DATE('03-08-2024', 'DD-MM-YYYY'), NULL);
INSERT INTO CUTRU (MSSV, MAPHONG, TUNGAY, DENNGAY, NGAYTRAPHONG)
VALUES ('00520017', 'E201', TO_DATE('03-02-2024', 'DD-MM-YYYY'), TO_DATE('03-08-2024', 'DD-MM-YYYY'), NULL);
-- Các sinh viên n? c? trú ? t?a lo?i 0
INSERT INTO CUTRU (MSSV, MAPHONG, TUNGAY, DENNGAY, NGAYTRAPHONG)
VALUES ('00520002', 'B101', TO_DATE('03-02-2024', 'DD-MM-YYYY'), TO_DATE('03-08-2024', 'DD-MM-YYYY'), NULL);
INSERT INTO CUTRU (MSSV, MAPHONG, TUNGAY, DENNGAY, NGAYTRAPHONG)
VALUES ('00520004', 'B203', TO_DATE('03-02-2024', 'DD-MM-YYYY'), TO_DATE('03-08-2024', 'DD-MM-YYYY'), NULL);
INSERT INTO CUTRU (MSSV, MAPHONG, TUNGAY, DENNGAY, NGAYTRAPHONG)
VALUES ('00520006', 'B302', TO_DATE('03-02-2024', 'DD-MM-YYYY'), TO_DATE('03-08-2024', 'DD-MM-YYYY'), NULL);
INSERT INTO CUTRU (MSSV, MAPHONG, TUNGAY, DENNGAY, NGAYTRAPHONG)
VALUES ('00520008', 'D103', TO_DATE('03-02-2024', 'DD-MM-YYYY'), TO_DATE('03-08-2024', 'DD-MM-YYYY'), NULL);
INSERT INTO CUTRU (MSSV, MAPHONG, TUNGAY, DENNGAY, NGAYTRAPHONG)
VALUES ('00520010', 'D202', TO_DATE('03-02-2024', 'DD-MM-YYYY'), TO_DATE('03-08-2024', 'DD-MM-YYYY'), NULL);
INSERT INTO CUTRU (MSSV, MAPHONG, TUNGAY, DENNGAY, NGAYTRAPHONG)
VALUES ('00520012', 'D401', TO_DATE('03-02-2024', 'DD-MM-YYYY'), TO_DATE('03-08-2024', 'DD-MM-YYYY'), NULL);
INSERT INTO CUTRU (MSSV, MAPHONG, TUNGAY, DENNGAY, NGAYTRAPHONG)
VALUES ('00520014', 'F202', TO_DATE('03-02-2024', 'DD-MM-YYYY'), TO_DATE('03-08-2024', 'DD-MM-YYYY'), NULL);
INSERT INTO CUTRU (MSSV, MAPHONG, TUNGAY, DENNGAY, NGAYTRAPHONG)
VALUES ('00520016', 'F203', TO_DATE('03-02-2024', 'DD-MM-YYYY'), TO_DATE('03-08-2024', 'DD-MM-YYYY'), NULL);
INSERT INTO CUTRU (MSSV, MAPHONG, TUNGAY, DENNGAY, NGAYTRAPHONG)
VALUES ('00520018', 'F302', TO_DATE('03-02-2024', 'DD-MM-YYYY'), TO_DATE('03-08-2024', 'DD-MM-YYYY'), NULL);
INSERT INTO CUTRU (MSSV, MAPHONG, TUNGAY, DENNGAY, NGAYTRAPHONG)
VALUES ('00520020', 'F301', TO_DATE('03-02-2024', 'DD-MM-YYYY'), TO_DATE('03-08-2024', 'DD-MM-YYYY'), NULL);
commit;

-- Chèn d? li?u vào b?ng THONGBAO
INSERT INTO THONGBAO (MATHONGBAO, MANV, MANGUOINHAN, NGAYDANG, NOIDUNG)
VALUES ('TB01', 'NV01', NULL, TO_DATE('01-05-2024', 'DD-MM-YYYY'), 'Thong bao cup nuoc.');

INSERT INTO THONGBAO (MATHONGBAO, MANV, MANGUOINHAN, NGAYDANG, NOIDUNG)
VALUES ('TB02', 'NV02', '00520001', TO_DATE('05-05-2024', 'DD-MM-YYYY'), 'Thong bao ve viec nop yeu cua khieu nai.');

INSERT INTO THONGBAO (MATHONGBAO, MANV, MANGUOINHAN, NGAYDANG, NOIDUNG)
VALUES ('TB03', 'NV02', NULL, TO_DATE('15-05-2024', 'DD-MM-YYYY'), 'Thong bao ve viec tham gia hoat dong ngoai khoa.');
commit;

--INSERT PHIEUVIPHAM
INSERT INTO PHIEUVIPHAM (MAVIPHAM, MANV, MSSV, NOIDUNG, NGAYVIPHAM, NGAYLAPVP)
VALUES ('VP01', 'NV01', '00520001', 'Vi pham quy dinh ky tuc xa', TO_DATE('20-05-2024', 'DD-MM-YYYY'), TO_DATE('21-05-2024', 'DD-MM-YYYY'));

INSERT INTO PHIEUVIPHAM (MAVIPHAM, MANV, MSSV, NOIDUNG, NGAYVIPHAM, NGAYLAPVP)
VALUES ('VP02', 'NV01', '00520001', 'Gay mat trat tu khu vuc', TO_DATE('22-05-2024', 'DD-MM-YYYY'), TO_DATE('23-05-2024', 'DD-MM-YYYY'));

--Insert hoatdong
-- Thêm d? li?u vào b?ng HOATDONG
INSERT INTO HOATDONG (MAHOATDONG, MANV, TENHOATDONG, NGAYDIENRA, THONGTINCT, SOLUONGTOIDA, SOLUONGDK)
VALUES ('HOATDONG01', 'NV01', 'Hoi thao "Cong nghe Blockchain"', TO_DATE('2024-06-15', 'YYYY-MM-DD'), 'Hoi thao gioi thieu ve cong nghe Blockchain va ung dung trong thuc tien.', 40, 0);
INSERT INTO HOATDONG VALUES ('HOATDONG02', 'NV01', 'Ngay hoi dong doi', TO_DATE('2024-05-01', 'YYYY-MM-DD'), 'Ngay hoi dong doi tai truong, voi nhieu hoat dong thu vi danh cho hoc sinh.', 20, 0);
INSERT INTO HOATDONG VALUES ('HOATDONG03', 'NV01', 'Giai bong da sinh vien', TO_DATE('2024-07-10', 'YYYY-MM-DD'), 'Giai bong da giua cac khoa va cac lop sinh vien trong truong.', 40, 0);
INSERT INTO HOATDONG VALUES ('HOATDONG04', 'NV01', 'Ngay tinh nguyen', TO_DATE('2024-05-23', 'YYYY-MM-DD'), 'Ngay tinh nguyen, voi nhieu hoat dong thu vi danh cho hoc sinh.', 35, 0);
INSERT INTO HOATDONG VALUES ('HOATDONG05', 'NV01', 'Ve sinh moi truong', TO_DATE('2024-06-10', 'YYYY-MM-DD'), 'Ve sinh moi truong, voi nhieu hoat dong thu vi danh cho hoc sinh.', 30, 0);
INSERT INTO HOATDONG VALUES ('HOATDONG06', 'NV01', 'Ngay hoi thi dua', TO_DATE('2024-04-01', 'YYYY-MM-DD'), 'Ngay hoi thi dua, voi nhieu hoat dong thu vi danh cho hoc sinh.', 32, 0);
COMMIT;

--HD 1
INSERT INTO DANGKYTG VALUES ('HOATDONG01', '00520001', 1);
INSERT INTO DANGKYTG VALUES ('HOATDONG01', '00520002', 1);
INSERT INTO DANGKYTG VALUES ('HOATDONG01', '00520003', 1);
INSERT INTO DANGKYTG VALUES ('HOATDONG01', '00520004', 0);
INSERT INTO DANGKYTG VALUES ('HOATDONG01', '00520005', 1);
INSERT INTO DANGKYTG VALUES ('HOATDONG01', '00520006', 1);
INSERT INTO DANGKYTG VALUES ('HOATDONG01', '00520007', 1);
INSERT INTO DANGKYTG VALUES ('HOATDONG01', '00520008', 1);
INSERT INTO DANGKYTG VALUES ('HOATDONG01', '00520009', 1);
INSERT INTO DANGKYTG VALUES ('HOATDONG01', '00520010', 0);
INSERT INTO DANGKYTG VALUES ('HOATDONG01', '00520011', 1);
INSERT INTO DANGKYTG VALUES ('HOATDONG01', '00520012', 1);
INSERT INTO DANGKYTG VALUES ('HOATDONG01', '00520013', 1);
INSERT INTO DANGKYTG VALUES ('HOATDONG01', '00520014', 1);
INSERT INTO DANGKYTG VALUES ('HOATDONG01', '00520015', 1);
INSERT INTO DANGKYTG VALUES ('HOATDONG01', '00520016', 0);
INSERT INTO DANGKYTG VALUES ('HOATDONG01', '00520017', 1);
INSERT INTO DANGKYTG VALUES ('HOATDONG01', '00520018', 0);
INSERT INTO DANGKYTG VALUES ('HOATDONG01', '00520019', 1);
INSERT INTO DANGKYTG VALUES ('HOATDONG01', '00520020', 1);
INSERT INTO DANGKYTG VALUES ('HOATDONG01', '00520021', 1);
INSERT INTO DANGKYTG VALUES ('HOATDONG01', '00520022', 1);
INSERT INTO DANGKYTG VALUES ('HOATDONG01', '00520023', 1);
INSERT INTO DANGKYTG VALUES ('HOATDONG01', '00520024', 1);
INSERT INTO DANGKYTG VALUES ('HOATDONG01', '00520025', 1);

--HD 2
INSERT INTO DANGKYTG VALUES ('HOATDONG02', '00520001', 0);
INSERT INTO DANGKYTG VALUES ('HOATDONG02', '00520002', 1);
INSERT INTO DANGKYTG VALUES ('HOATDONG02', '00520003', 1);
INSERT INTO DANGKYTG VALUES ('HOATDONG02', '00520004', 0);
INSERT INTO DANGKYTG VALUES ('HOATDONG02', '00520005', 1);
INSERT INTO DANGKYTG VALUES ('HOATDONG02', '00520006', 1);
INSERT INTO DANGKYTG VALUES ('HOATDONG02', '00520007', 1);
INSERT INTO DANGKYTG VALUES ('HOATDONG02', '00520008', 1);
INSERT INTO DANGKYTG VALUES ('HOATDONG02', '00520009', 1);
INSERT INTO DANGKYTG VALUES ('HOATDONG02', '00520010', 0);
INSERT INTO DANGKYTG VALUES ('HOATDONG02', '00520011', 1);
INSERT INTO DANGKYTG VALUES ('HOATDONG02', '00520012', 1);
INSERT INTO DANGKYTG VALUES ('HOATDONG02', '00520013', 1);
INSERT INTO DANGKYTG VALUES ('HOATDONG02', '00520014', 1);
INSERT INTO DANGKYTG VALUES ('HOATDONG02', '00520015', 1);
INSERT INTO DANGKYTG VALUES ('HOATDONG02', '00520016', 1);

-- HD 3
INSERT INTO DANGKYTG VALUES ('HOATDONG03', '00520001', 0);
INSERT INTO DANGKYTG VALUES ('HOATDONG03', '00520002', 1);
INSERT INTO DANGKYTG VALUES ('HOATDONG03', '00520003', 1);
INSERT INTO DANGKYTG VALUES ('HOATDONG03', '00520004', 0);
INSERT INTO DANGKYTG VALUES ('HOATDONG03', '00520005', 1);
INSERT INTO DANGKYTG VALUES ('HOATDONG03', '00520006', 1);
INSERT INTO DANGKYTG VALUES ('HOATDONG03', '00520007', 1);
INSERT INTO DANGKYTG VALUES ('HOATDONG03', '00520008', 1);
INSERT INTO DANGKYTG VALUES ('HOATDONG03', '00520009', 1);
INSERT INTO DANGKYTG VALUES ('HOATDONG03', '00520010', 0);
INSERT INTO DANGKYTG VALUES ('HOATDONG03', '00520011', 1);
INSERT INTO DANGKYTG VALUES ('HOATDONG03', '00520012', 1);
INSERT INTO DANGKYTG VALUES ('HOATDONG03', '00520013', 1);
INSERT INTO DANGKYTG VALUES ('HOATDONG03', '00520014', 1);
INSERT INTO DANGKYTG VALUES ('HOATDONG03', '00520015', 1);
INSERT INTO DANGKYTG VALUES ('HOATDONG03', '00520016', 0);
INSERT INTO DANGKYTG VALUES ('HOATDONG03', '00520017', 1);
INSERT INTO DANGKYTG VALUES ('HOATDONG03', '00520018', 0);
INSERT INTO DANGKYTG VALUES ('HOATDONG03', '00520019', 1);
INSERT INTO DANGKYTG VALUES ('HOATDONG03', '00520020', 1);
INSERT INTO DANGKYTG VALUES ('HOATDONG03', '00520021', 1);
INSERT INTO DANGKYTG VALUES ('HOATDONG03', '00520022', 1);
INSERT INTO DANGKYTG VALUES ('HOATDONG03', '00520023', 1);

-- HD 4
INSERT INTO DANGKYTG VALUES ('HOATDONG04', '00520001', 0);
INSERT INTO DANGKYTG VALUES ('HOATDONG04', '00520002', 1);
INSERT INTO DANGKYTG VALUES ('HOATDONG04', '00520003', 1);
INSERT INTO DANGKYTG VALUES ('HOATDONG04', '00520004', 0);
INSERT INTO DANGKYTG VALUES ('HOATDONG04', '00520005', 1);
INSERT INTO DANGKYTG VALUES ('HOATDONG04', '00520006', 1);
INSERT INTO DANGKYTG VALUES ('HOATDONG04', '00520007', 0);
INSERT INTO DANGKYTG VALUES ('HOATDONG04', '00520008', 1);
INSERT INTO DANGKYTG VALUES ('HOATDONG04', '00520009', 1);
INSERT INTO DANGKYTG VALUES ('HOATDONG04', '00520010', 0);
INSERT INTO DANGKYTG VALUES ('HOATDONG04', '00520011', 1);
INSERT INTO DANGKYTG VALUES ('HOATDONG04', '00520012', 0);
INSERT INTO DANGKYTG VALUES ('HOATDONG04', '00520013', 1);
INSERT INTO DANGKYTG VALUES ('HOATDONG04', '00520014', 1);
INSERT INTO DANGKYTG VALUES ('HOATDONG04', '00520015', 1);
INSERT INTO DANGKYTG VALUES ('HOATDONG04', '00520016', 0);
INSERT INTO DANGKYTG VALUES ('HOATDONG04', '00520017', 1);
INSERT INTO DANGKYTG VALUES ('HOATDONG04', '00520018', 0);
INSERT INTO DANGKYTG VALUES ('HOATDONG04', '00520019', 1);
INSERT INTO DANGKYTG VALUES ('HOATDONG04', '00520020', 1);
INSERT INTO DANGKYTG VALUES ('HOATDONG04', '00520021', 0);
INSERT INTO DANGKYTG VALUES ('HOATDONG04', '00520022', 1);
INSERT INTO DANGKYTG VALUES ('HOATDONG04', '00520023', 1);
INSERT INTO DANGKYTG VALUES ('HOATDONG04', '00520024', 1);
commit;


---INSERT PHIEUYEUCAU
-- Chèn d? li?u vào b?ng PHIEUYEUCAU
INSERT INTO PHIEUYEUCAU (MAYEUCAU, MANV, MSSV,MAPHONG,TUNGAY, LOAIYEUCAU, NOIDUNG, NGAYYEUCAU)
VALUES ('YC01', 'NV02', '00520001','A101',TO_DATE('03-02-2024','DD-MM-YYYY'), 4, 'Can sua chua ban ghe trong phong', TO_DATE('2024-05-23', 'YYYY-MM-DD'));

INSERT INTO PHIEUYEUCAU (MAYEUCAU, MANV, MSSV,MAPHONG,TUNGAY, LOAIYEUCAU, NOIDUNG, NGAYYEUCAU)
VALUES ('YC02', 'NV02', '00520001','A101',TO_DATE('03-02-2024','DD-MM-YYYY'), 3, 'Gia han den ngay 23/02/2024', TO_DATE('2024-01-22', 'YYYY-MM-DD'));

INSERT INTO PHIEUYEUCAU (MAYEUCAU, MANV, MSSV,MAPHONG,TUNGAY, LOAIYEUCAU, NOIDUNG, NGAYYEUCAU)
VALUES ('YC03', 'NV02', '00520001','A101',TO_DATE('03-02-2024','DD-MM-YYYY'), 5, 'Ma khieu nai: KN01', TO_DATE('2024-05-20', 'YYYY-MM-DD'));

INSERT INTO PHIEUYEUCAU (MAYEUCAU, MANV, MSSV,MAPHONG,TUNGAY, LOAIYEUCAU, NOIDUNG, NGAYYEUCAU)
VALUES ('YC04', 'NV03', '00520002','B101',TO_DATE('03-02-2024', 'DD-MM-YYYY'), 3, 'Gia han den ngay 10/02/2024', TO_DATE('2024-01-01', 'YYYY-MM-DD'));



--insert hoadon
-- Insert hoadon
--Toa A
INSERT INTO HOADON VALUES ('HD01', 'NV08', '00520001', 'A101', TO_DATE('03-02-2024', 'DD-MM-YYYY'), 150000.00, 3, TO_DATE('09-02-2024', 'DD-MM-YYYY'), TO_DATE('17-02-2024', 'DD-MM-YYYY'),TO_DATE('14-02-2024', 'DD-MM-YYYY'));
INSERT INTO HOADON VALUES ('HD02', 'NV08', NULL, 'A102', TO_DATE('03-02-2024', 'DD-MM-YYYY'), 50000.00, 1, TO_DATE('09-02-2024', 'DD-MM-YYYY'), TO_DATE('17-02-2024', 'DD-MM-YYYY'), NULL);
INSERT INTO HOADON VALUES ('HD03', 'NV08', NULL, 'A201', TO_DATE('03-02-2024', 'DD-MM-YYYY'), 30000.00, 5, TO_DATE('24-02-2024', 'DD-MM-YYYY'), TO_DATE('03-03-2024', 'DD-MM-YYYY'), NULL);
INSERT INTO HOADON VALUES ('HD04', 'NV08', NULL, 'A202', TO_DATE('03-02-2024', 'DD-MM-YYYY'), 40000.00, 1, TO_DATE('27-02-2024', 'DD-MM-YYYY'), TO_DATE('06-03-2024', 'DD-MM-YYYY'), NULL);
INSERT INTO HOADON VALUES ('HD05', 'NV08', '00520003', 'A203', TO_DATE('03-02-2024', 'DD-MM-YYYY'), 250000.00, 3, TO_DATE('09-02-2024', 'DD-MM-YYYY'), TO_DATE('17-02-2024', 'DD-MM-YYYY'), TO_DATE('24-02-2024', 'DD-MM-YYYY'));
INSERT INTO HOADON VALUES ('HD06', 'NV08', NULL, 'A301', TO_DATE('03-02-2024', 'DD-MM-YYYY'), 50000.00, 1, TO_DATE('14-02-2024', 'DD-MM-YYYY'), TO_DATE('21-02-2024', 'DD-MM-YYYY'), NULL);
INSERT INTO HOADON VALUES ('HD07', 'NV08', '00520005', 'A302', TO_DATE('03-02-2024', 'DD-MM-YYYY'), 70000.00, 2, TO_DATE('19-02-2024', 'DD-MM-YYYY'), TO_DATE('26-02-2024', 'DD-MM-YYYY'), TO_DATE('23-02-2024', 'DD-MM-YYYY'));
TRUNCATE TABLE HOADON
--Toa B
INSERT INTO HOADON VALUES ('HD08', 'NV08', NULL, 'B103',NULL ,180000.00, 3, TO_DATE('01-06-2024', 'DD-MM-YYYY'), TO_DATE('08-06-2024', 'DD-MM-YYYY'), NULL);
INSERT INTO HOADON VALUES ('HD09', 'NV08', NULL, 'B104', NULL,90000.00, 2, TO_DATE('02-06-2024', 'DD-MM-YYYY'), TO_DATE('09-06-2024', 'DD-MM-YYYY'), NULL);
INSERT INTO HOADON VALUES ('HD10', 'NV08', '00520002', 'B101', TO_DATE('03-02-2024','DD-MM-YYYY'),350000.00, 3, TO_DATE('03-06-2024', 'DD-MM-YYYY'), TO_DATE('10-06-2024', 'DD-MM-YYYY'), TO_DATE('08-06-2024', 'DD-MM-YYYY'));
INSERT INTO HOADON VALUES ('HD11', 'NV08', NULL, 'B102',NULL ,360000.00, 3, TO_DATE('04-06-2024', 'DD-MM-YYYY'), TO_DATE('11-06-2024', 'DD-MM-YYYY'), NULL);
INSERT INTO HOADON VALUES ('HD12', 'NV08', NULL, 'B103',NULL ,370000.00, 3, TO_DATE('05-06-2024', 'DD-MM-YYYY'), TO_DATE('12-06-2024', 'DD-MM-YYYY'), NULL);
INSERT INTO HOADON VALUES ('HD13', 'NV08', NULL, 'B104',NULL ,380000.00, 3, TO_DATE('06-06-2024', 'DD-MM-YYYY'), TO_DATE('13-06-2024', 'DD-MM-YYYY'), TO_DATE('03-06-2023', 'DD-MM-YYYY'));
INSERT INTO HOADON VALUES ('HD14', 'NV08', NULL, 'B201',NULL ,65000.00, 1, TO_DATE('07-06-2024', 'DD-MM-YYYY'), TO_DATE('14-06-2024', 'DD-MM-YYYY'), NULL);
INSERT INTO HOADON VALUES ('HD15', 'NV08', NULL, 'B202',NULL ,68000.00, 1, TO_DATE('08-06-2024', 'DD-MM-YYYY'), TO_DATE('15-06-2024', 'DD-MM-YYYY'), NULL);
INSERT INTO HOADON VALUES ('HD16', 'NV08', '00520004', 'B203', TO_DATE('03-02-2024','DD-MM-YYYY'),71000.00, 1, TO_DATE('09-06-2024','DD-MM-YYYY'), TO_DATE('16-06-2024', 'DD-MM-YYYY'), TO_DATE('10-06-2024', 'DD-MM-YYYY'));
INSERT INTO HOADON VALUES ('HD17', 'NV08', NULL, 'B301',NULL ,75000.00, 2, TO_DATE('10-06-2024', 'DD-MM-YYYY'), TO_DATE('17-06-2024', 'DD-MM-YYYY'), NULL);
INSERT INTO HOADON VALUES ('HD18', 'NV08', '00520006', 'B302',TO_DATE('03-02-2024','DD-MM-YYYY') ,80000.00, 2, TO_DATE('11-06-2024', 'DD-MM-YYYY'), TO_DATE('18-06-2024', 'DD-MM-YYYY'), TO_DATE('16-06-2024', 'DD-MM-YYYY'));
INSERT INTO HOADON VALUES ('HD19', 'NV08', NULL, 'B303',NULL ,85000.00, 2, TO_DATE('12-06-2024', 'DD-MM-YYYY'), TO_DATE('19-06-2024', 'DD-MM-YYYY'), NULL);
INSERT INTO HOADON VALUES ('HD20', 'NV08', '00520002', 'B101',NULL ,150000.00, 4, TO_DATE('13-06-2024', 'DD-MM-YYYY'), TO_DATE('20-06-2024', 'DD-MM-YYYY'), TO_DATE('09-06-2024', 'DD-MM-YYYY'));
INSERT INTO HOADON VALUES ('HD21', 'NV08', NULL, 'B301',NULL ,220000.00, 4, TO_DATE('14-06-2024', 'DD-MM-YYYY'), TO_DATE('21-06-2024', 'DD-MM-YYYY'), NULL);



--Toa C
INSERT INTO HOADON VALUES ('HD22', 'NV08', '00520009', 'C101',TO_DATE('03-02-2024', 'DD-MM-YYYY') ,250000.00, 1, TO_DATE('15-05-2024', 'DD-MM-YYYY'), TO_DATE('22-05-2024', 'DD-MM-YYYY'),TO_DATE('15-05-2024', 'DD-MM-YYYY'));
INSERT INTO HOADON VALUES ('HD23', 'NV08', NULL, 'C105',NULL ,180000.00, 2, TO_DATE('16-05-2024', 'DD-MM-YYYY'),TO_DATE('23-05-2024', 'DD-MM-YYYY'),TO_DATE('16-05-2024', 'DD-MM-YYYY'));
INSERT INTO HOADON VALUES ('HD24', 'NV08', NULL, 'C103',NULL ,420000.00, 3, TO_DATE('03-04-2024', 'DD-MM-YYYY'), TO_DATE('10-04-2024', 'DD-MM-YYYY'), TO_DATE('08-04-2024', 'DD-MM-YYYY'));
INSERT INTO HOADON VALUES ('HD25', 'NV08', NULL, 'C201', NULL,90000.00, 1, TO_DATE('04-06-2024', 'DD-MM-YYYY'), TO_DATE('11-06-2024', 'DD-MM-YYYY'), NULL);
INSERT INTO HOADON VALUES ('HD26', 'NV08', '00520013', 'C202',TO_DATE('03-02-2024', 'DD-MM-YYYY') ,95000.00, 2, TO_DATE('05-06-2024', 'DD-MM-YYYY'), TO_DATE('12-06-2024', 'DD-MM-YYYY'), TO_DATE('11-06-2024', 'DD-MM-YYYY'));
INSERT INTO HOADON VALUES ('HD27', 'NV08', NULL, 'C301', NULL,110000.00, 4, TO_DATE('07-05-2024', 'DD-MM-YYYY'), TO_DATE('14-05-2024', 'DD-MM-YYYY'), TO_DATE('07-05-2024', 'DD-MM-YYYY'));
INSERT INTO HOADON VALUES ('HD28', 'NV08', NULL, 'C302', NULL,115000.00, 4, TO_DATE('08-04-2024', 'DD-MM-YYYY'), TO_DATE('15-04-2024', 'DD-MM-YYYY'), TO_DATE('13-04-2024', 'DD-MM-YYYY'));
INSERT INTO HOADON VALUES ('HD29', 'NV08', NULL, 'C303', NULL,120000.00, 4, TO_DATE('09-06-2024', 'DD-MM-YYYY'), TO_DATE('16-06-2024', 'DD-MM-YYYY'), NULL);